2023/06/04 1:28:19 PM GMT+5:30,23,Female,Few times a month,Beauty and Personal Care,Few times a week,Keyword,2,1;;;;
2023/06/04 2:30:44 PM GMT+5:30,23,Female,Once a month,Clothing and Fashion,Few times a month,Keyword,2,3;;;;
2023/06/04 5:04:56 PM GMT+5:30,24,Prefer not to say,Few times a month,Groceries and Gourmet Food;Clothing and Fashion,Few times a month,Keyword,4,3;;;
2023/06/04 5:13:00 PM GMT+5:30,24,Female,Once a month,Beauty and Personal Care;Clothing and Fashion;others,Few times a month,Keyword,3,3;;
2023/06/04 5:28:06 PM GMT+5:30,22,Female,Less than once a month,Beauty and Personal Care;Clothing and Fashion,Few times a month,Filter,4,2;;;
2023/06/04 6:01:59 PM GMT+5:30,21,Female,Less than once a month,Clothing and Fashion,Rarely,categories,5,5;;;;
2023/06/04 6:31:41 PM GMT+5:30,22,Female,Less than once a month,Clothing and Fashion,Rarely,Filter,3,3;;;;
2023/06/04 7:13:12 PM GMT+5:30,21,Female,Few times a month,Beauty and Personal Care;Clothing and Fashion,Rarely,Keyword,3,1;;;
2023/06/04 7:23:21 PM GMT+5:30,20,Female,Less than once a month,Beauty and Personal Care;Clothing and Fashion,Few times a month,Keyword,2,2;;;
2023/06/04 7:33:12 PM GMT+5:30,23,Female,Less than once a month,Beauty and Personal Care;Clothing and Fashion,Rarely,Keyword,3,3;;;
2023/06/04 7:45:33 PM GMT+5:30,22,Female,Less than once a month,Clothing and Fashion,Few times a month,categories,3,3;;;;
2023/06/04 7:48:31 PM GMT+5:30,25,Female,Multiple times a week,Beauty and Personal Care;Clothing and Fashion;Home and Kitchen,Few times a week,Keyword,3,3;;
2023/06/04 8:00:11 PM GMT+5:30,23,Female,Less than once a month,Beauty and Personal Care;Clothing and Fashion,Few times a month,Keyword,2,3;;;
2023/06/04 8:01:45 PM GMT+5:30,24,Female,Once a month,Clothing and Fashion;Home and Kitchen,Few times a month,Keyword,2,2;;;
2023/06/04 8:02:28 PM GMT+5:30,21,Female,Less than once a month,Beauty and Personal Care,Few times a week,Keyword,5,3;;;;
2023/06/04 8:20:42 PM GMT+5:30,23,Female,Less than once a month,others,Rarely,Filter,3,3;;;;
2023/06/04 8:39:53 PM GMT+5:30,16,Male,Few times a month,Clothing and Fashion;others,Few times a month,Keyword,3,3;;;
2023/06/04 8:45:45 PM GMT+5:30,21,Female,Less than once a month,Clothing and Fashion,Few times a month,Keyword,2,2;;;;
2023/06/04 8:46:02 PM GMT+5:30,23,Female,Few times a month,Beauty and Personal Care;Home and Kitchen,Few times a month,Keyword,2,3;;;
2023/06/04 8:48:59 PM GMT+5:30,25,Female,Less than once a month,Beauty and Personal Care,Few times a week,Keyword,4,3;;;;
2023/06/04 8:49:49 PM GMT+5:30,64,Male,Once a week,Groceries and Gourmet Food,Few times a month,Keyword,2,1;;;;
2023/06/04 8:52:49 PM GMT+5:30,23,Female,Once a month,Clothing and Fashion,Few times a month,others,3,3;;;;
2023/06/04 8:54:36 PM GMT+5:30,21,Male,Less than once a month,others,Few times a week,others,3,3;;;;
2023/06/04 9:10:08 PM GMT+5:30,16,Female,Less than once a month,Clothing and Fashion,Few times a month,categories,3,2;;;;
2023/06/04 9:10:51 PM GMT+5:30,23,Female,Few times a month,Beauty and Personal Care;Clothing and Fashion;others,Few times a month,Keyword,3,1;;
2023/06/04 9:18:12 PM GMT+5:30,24,Female,Multiple times a week,Groceries and Gourmet Food,Few times a week,categories,2,2;;;;
2023/06/04 9:22:58 PM GMT+5:30,22,Female,Less than once a month,Beauty and Personal Care;Clothing and Fashion,Few times a week,Keyword,3,2;;;
2023/06/04 9:29:59 PM GMT+5:30,23,Female,Less than once a month,Beauty and Personal Care,Few times a month,categories,3,3;;;;
2023/06/04 9:40:54 PM GMT+5:30,23,Female,Few times a month,Beauty and Personal Care;Clothing and Fashion;others,Few times a week,categories,3,2;;
2023/06/04 9:48:15 PM GMT+5:30,24,Female,Less than once a month,Clothing and Fashion,Few times a month,Keyword,4,5;;;;
2023/06/04 10:13:28 PM GMT+5:30,25,Female,Few times a month,Groceries and Gourmet Food;Clothing and Fashion;others,Few times a week,Keyword,2,3;;
2023/06/04 10:24:47 PM GMT+5:30,23,Female,Less than once a month,Groceries and Gourmet Food;Beauty and Personal Care;Clothing and Fashion;Home and Kitchen,Few times a week,Keyword,4,3;
2023/06/04 10:37:00 PM GMT+5:30,23,Female,Less than once a month,others,Rarely,others,5,3;;;;
2023/06/04 11:09:27 PM GMT+5:30,23,Female,Less than once a month,Groceries and Gourmet Food;Beauty and Personal Care;Clothing and Fashion;Home and Kitchen,Multiple times a day,Keyword,1,2;
2023/06/04 11:12:15 PM GMT+5:30,23,Male,Multiple times a week,Groceries and Gourmet Food;Beauty and Personal Care;Clothing and Fashion;Home and Kitchen;others,Few times a week,Keyword,3,1
2023/06/04 11:24:41 PM GMT+5:30,24,Female,Less than once a month,others,Multiple times a day,Keyword,3,3;;;;
2023/06/04 11:27:53 PM GMT+5:30,24,Female,Few times a month,Beauty and Personal Care;Clothing and Fashion;Home and Kitchen,Multiple times a day,Keyword,2,2;;
2023/06/04 11:38:30 PM GMT+5:30,23,Female,Less than once a month,Beauty and Personal Care;Home and Kitchen,Rarely,categories,2,2;;;
2023/06/04 11:57:10 PM GMT+5:30,29,Male,Once a month,Clothing and Fashion,Few times a week,categories,2,2;;;;
2023/06/05 12:02:56 AM GMT+5:30,19,Female,Few times a month,Clothing and Fashion,Few times a week,Keyword,3,3;;;;
2023/06/05 12:05:20 AM GMT+5:30,26,Female,Less than once a month,others,Few times a month,Keyword,1,2;;;;
2023/06/05 12:36:02 AM GMT+5:30,32,Male,Less than once a month,others,Rarely,Keyword,1,4;;;;
2023/06/05 12:37:54 AM GMT+5:30,30,Female,Once a month,Home and Kitchen,Few times a month,Filter,1,4;;;;
2023/06/05 12:39:14 AM GMT+5:30,22,Female,Less than once a month,Beauty and Personal Care;others,Few times a month,others,5,3;;;
2023/06/05 12:57:05 AM GMT+5:30,26,Female,Few times a month,Beauty and Personal Care;Clothing and Fashion,Multiple times a day,categories,2,2;;;
2023/06/05 2:56:10 AM GMT+5:30,24,Female,Less than once a month,Beauty and Personal Care;Clothing and Fashion,Few times a week,Keyword,1,1;;;
2023/06/05 4:26:25 AM GMT+5:30,23,Female,Few times a month,Beauty and Personal Care;Clothing and Fashion;Home and Kitchen,Few times a month,Keyword,4,4;;
2023/06/05 7:16:40 AM GMT+5:30,24,Female,Less than once a month,Clothing and Fashion,Few times a month,Filter,3,3;;;;
2023/06/05 8:43:26 AM GMT+5:30,23,Female,Few times a month,others,Few times a week,Keyword,4,3;;;;
2023/06/05 9:20:17 AM GMT+5:30,24,Male,Few times a month,Clothing and Fashion,Few times a month,Keyword,1,1;;;;
2023/06/05 9:56:58 AM GMT+5:30,23,Female,Once a month,Beauty and Personal Care;Home and Kitchen,Few times a month,Keyword,5,4;;;
2023/06/05 10:36:38 AM GMT+5:30,25,Male,Less than once a month,others,Few times a week,Keyword,3,3;;;;
2023/06/05 10:37:36 AM GMT+5:30,24,Female,Less than once a month,Beauty and Personal Care;Clothing and Fashion,Few times a month,Keyword,1,2;;;
2023/06/05 10:53:16 AM GMT+5:30,21,Female,Few times a month,Home and Kitchen,Few times a month,Keyword,1,3;;;;
2023/06/05 11:20:41 AM GMT+5:30,23,Female,Less than once a month,Clothing and Fashion,Few times a month,Keyword,3,3;;;;
2023/06/05 11:54:52 AM GMT+5:30,26,Female,Less than once a month,Beauty and Personal Care;Home and Kitchen,Rarely,Filter,4,2;;;
2023/06/05 1:10:59 PM GMT+5:30,23,Female,Few times a month,Clothing and Fashion;others,Few times a week,Keyword,1,3;;;
2023/06/05 1:27:08 PM GMT+5:30,23,Female,Few times a month,Beauty and Personal Care;Clothing and Fashion,Few times a month,Keyword,3,3;;;
2023/06/05 1:28:44 PM GMT+5:30,40,Male,Few times a month,Beauty and Personal Care;Home and Kitchen,Few times a week,Keyword,4,2;;;
2023/06/05 1:32:57 PM GMT+5:30,25,Female,Once a month,Beauty and Personal Care,Few times a month,categories,3,3;;;;
2023/06/05 1:35:41 PM GMT+5:30,24,Male,Once a month,others,Few times a week,Keyword,4,1;;;;
2023/06/05 1:35:44 PM GMT+5:30,23,Female,Less than once a month,Beauty and Personal Care;Clothing and Fashion;Home and Kitchen,Few times a month,Keyword,3,3;;
2023/06/05 1:37:01 PM GMT+5:30,24,Male,Less than once a month,others,Few times a month,Keyword,2,3;;;;
2023/06/05 1:43:00 PM GMT+5:30,24,Male,Less than once a month,others,Few times a week,categories,3,3;;;;
2023/06/05 1:45:30 PM GMT+5:30,24,Female,Less than once a month,Beauty and Personal Care;Clothing and Fashion,Few times a month,categories,3,3;;;
2023/06/05 1:54:28 PM GMT+5:30,26,Male,Few times a month,others,Few times a week,Keyword,3,3;;;;
2023/06/05 2:10:33 PM GMT+5:30,23,Female,Few times a month,Beauty and Personal Care;Home and Kitchen;others,Few times a month,categories,2,3;;
2023/06/05 2:16:16 PM GMT+5:30,23,Female,Few times a month,Beauty and Personal Care;Clothing and Fashion;Home and Kitchen,Few times a week,categories,3,3;;
2023/06/05 2:17:45 PM GMT+5:30,24,Female,Once a month,others,Few times a week,Keyword,3,3;;;;
2023/06/05 2:21:37 PM GMT+5:30,23,Male,Less than once a month,others,Few times a month,Keyword,3,3;;;;
2023/06/05 2:24:22 PM GMT+5:30,24,Female,Less than once a month,Beauty and Personal Care;Clothing and Fashion,Few times a month,Keyword,1,2;;;
2023/06/05 2:25:28 PM GMT+5:30,36,Female,Once a month,Home and Kitchen;others,Multiple times a day,Keyword,2,3;;;
2023/06/05 2:28:10 PM GMT+5:30,26,Male,Less than once a month,Home and Kitchen,Rarely,Filter,1,2;;;;
2023/06/05 2:46:25 PM GMT+5:30,31,Male,Once a month,Home and Kitchen;others,Few times a month,Keyword,4,3;;;
2023/06/05 3:28:01 PM GMT+5:30,23,Male,Less than once a month,others,Rarely,categories,2,3;;;;
2023/06/05 4:46:52 PM GMT+5:30,23,Female,Less than once a month,Home and Kitchen,Few times a month,Keyword,3,2;;;;
2023/06/05 4:49:43 PM GMT+5:30,30,Male,Once a week,Groceries and Gourmet Food;Home and Kitchen,Few times a week,Filter,4,4;;;
2023/06/05 4:50:33 PM GMT+5:30,24,Female,Less than once a month,others,Rarely,categories,2,2;;;;
2023/06/05 4:50:44 PM GMT+5:30,47,Prefer not to say,Less than once a month,others,Rarely,others,2,2;;;;
2023/06/05 4:52:12 PM GMT+5:30,54,Others,Multiple times a week,Groceries and Gourmet Food;Beauty and Personal Care;Clothing and Fashion;Home and Kitchen;others,Multiple times a day,categories,5,5
2023/06/05 6:49:25 PM GMT+5:30,58,Male,Once a month,Clothing and Fashion;others,Few times a week,Keyword,4,3;;;
2023/06/05 7:04:21 PM GMT+5:30,53,Female,Less than once a month,Home and Kitchen,Few times a week,Keyword,2,2;;;;
2023/06/05 8:06:04 PM GMT+5:30,23,Prefer not to say,Once a week,Beauty and Personal Care,Multiple times a day,categories,3,3;;;;
2023/06/05 8:07:52 PM GMT+5:30,25,Others,Few times a month,Groceries and Gourmet Food;Clothing and Fashion,Few times a week,Filter,4,3;;;
2023/06/05 8:44:09 PM GMT+5:30,23,Female,Less than once a month,Beauty and Personal Care,Rarely,categories,2,3;;;;
2023/06/05 8:46:09 PM GMT+5:30,32,Male,Less than once a month,Clothing and Fashion;Home and Kitchen,Few times a week,categories,4,4;;;
2023/06/05 8:47:42 PM GMT+5:30,30,Prefer not to say,Few times a month,Beauty and Personal Care;Clothing and Fashion,Few times a week,Filter,5,5;;;
2023/06/05 8:49:12 PM GMT+5:30,28,Others,Few times a month,Groceries and Gourmet Food;Beauty and Personal Care;Clothing and Fashion;Home and Kitchen;others,Few times a month,Keyword,4,4
2023/06/05 8:50:24 PM GMT+5:30,20,Female,Multiple times a week,Beauty and Personal Care;Clothing and Fashion,Multiple times a day,categories,3,3;;;
2023/06/05 8:52:01 PM GMT+5:30,25,Male,Few times a month,others,Rarely,others,2,2;;;;
2023/06/05 9:56:02 PM GMT+5:30,55,Others,Few times a month,Groceries and Gourmet Food,Multiple times a day,Keyword,4,3;;;;
2023/06/05 9:56:08 PM GMT+5:30,24,Female,Once a month,Beauty and Personal Care;Home and Kitchen;others,Few times a week,Keyword,4,3;;
2023/06/05 9:58:17 PM GMT+5:30,62,Female,Less than once a month,Beauty and Personal Care,Rarely,Filter,5,4;;;;
2023/06/05 10:04:32 PM GMT+5:30,27,Male,Less than once a month,others,Rarely,others,5,5;;;;
2023/06/05 10:05:25 PM GMT+5:30,34,Prefer not to say,Few times a month,Beauty and Personal Care;Clothing and Fashion,Few times a month,categories,4,2;;;
2023/06/05 10:06:15 PM GMT+5:30,40,Female,Once a week,Beauty and Personal Care;Clothing and Fashion;Home and Kitchen,Few times a week,categories,2,2;;
2023/06/05 10:06:46 PM GMT+5:30,22,Others,Less than once a month,others,Few times a month,categories,3,3;;;;
2023/06/05 10:07:31 PM GMT+5:30,34,Prefer not to say,Few times a month,Clothing and Fashion;Home and Kitchen,Few times a month,categories,1,2;;;
2023/06/05 10:07:33 PM GMT+5:30,24,Female,Less than once a month,Beauty and Personal Care;Home and Kitchen,Few times a week,Keyword,1,3;;;
2023/06/05 10:08:15 PM GMT+5:30,44,Male,Few times a month,Clothing and Fashion;others,Few times a month,categories,2,3;;;
2023/06/05 10:09:03 PM GMT+5:30,31,Female,Once a month,Home and Kitchen;others,Rarely,others,5,4;;;
2023/06/06 8:46:03 AM GMT+5:30,23,Female,Once a week,Clothing and Fashion,Few times a week,categories,3,3;;;;
2023/06/06 9:37:33 AM GMT+5:30,23,Female,Less than once a month,Beauty and Personal Care;others,Few times a month,Keyword,2,2;;;
2023/06/06 9:39:32 AM GMT+5:30,22,Female,Less than once a month,Clothing and Fashion;Home and Kitchen,Few times a week,Keyword,5,2;;;
2023/06/06 9:45:55 AM GMT+5:30,24,Female,Once a week,Beauty and Personal Care;Clothing and Fashion;Home and Kitchen,Few times a week,Keyword,1,1;;
2023/06/06 9:47:31 AM GMT+5:30,23,Prefer not to say,Once a week,Beauty and Personal Care;Clothing and Fashion;Home and Kitchen,Multiple times a day,Keyword,1,1;;
2023/06/06 9:59:35 AM GMT+5:30,25,Male,Less than once a month,others,Few times a month,Keyword,3,3;;;;
2023/06/06 10:03:52 AM GMT+5:30,23,Male,Once a week,Clothing and Fashion,Few times a week,Filter,1,2;;;;
2023/06/06 10:07:39 AM GMT+5:30,24,Male,Once a month,Groceries and Gourmet Food;Beauty and Personal Care;Clothing and Fashion;Home and Kitchen,Few times a week,Keyword,2,2;
2023/06/06 10:17:06 AM GMT+5:30,24,Female,Few times a month,others,Few times a week,Keyword,2,3;;;;
2023/06/06 10:19:05 AM GMT+5:30,26,Female,Less than once a month,others,Few times a month,Keyword,1,2;;;;
2023/06/06 10:22:47 AM GMT+5:30,25,Female,Less than once a month,Clothing and Fashion,Rarely,categories,4,4;;;;
2023/06/06 10:36:14 AM GMT+5:30,26,Male,Few times a month,Clothing and Fashion;others,Few times a week,Keyword,3,3;;;
2023/06/06 10:46:31 AM GMT+5:30,29,Male,Less than once a month,others,Rarely,Keyword,3,4;;;;
2023/06/06 11:20:53 AM GMT+5:30,23,Female,Once a month,Beauty and Personal Care;Clothing and Fashion;Home and Kitchen,Few times a month,Keyword,2,3;;
2023/06/06 11:49:21 AM GMT+5:30,30,Male,Multiple times a week,Clothing and Fashion;Home and Kitchen,Few times a week,Keyword,1,1;;;
2023/06/06 12:00:16 PM GMT+5:30,23,Female,Less than once a month,Beauty and Personal Care;Home and Kitchen,Multiple times a day,categories,3,3;;;
2023/06/06 12:52:14 PM GMT+5:30,21,Female,Less than once a month,Clothing and Fashion,Rarely,Keyword,4,3;;;;
2023/06/06 1:06:16 PM GMT+5:30,23,Female,Once a month,Beauty and Personal Care;Home and Kitchen,Few times a week,categories,3,2;;;
2023/06/06 3:02:38 PM GMT+5:30,23,Female,Less than once a month,Clothing and Fashion;others,Few times a month,Keyword,2,2;;;
2023/06/06 4:25:49 PM GMT+5:30,27,Male,Once a month,others,Few times a month,Keyword,3,3;;;;
2023/06/06 4:46:25 PM GMT+5:30,38,Female,Once a month,Beauty and Personal Care;Home and Kitchen,Few times a month,Keyword,4,4;;;
2023/06/06 5:16:58 PM GMT+5:30,23,Female,Less than once a month,Beauty and Personal Care;Clothing and Fashion,Rarely,Keyword,3,2;;;
2023/06/06 6:32:00 PM GMT+5:30,38,Female,Less than once a month,Beauty and Personal Care;Clothing and Fashion;Home and Kitchen,Few times a month,categories,4,4;;
2023/06/06 6:32:36 PM GMT+5:30,23,Male,Few times a month,others,Few times a week,categories,2,3;;;;
2023/06/06 6:33:23 PM GMT+5:30,24,Male,Once a week,Clothing and Fashion;others,Few times a week,categories,3,3;;;
2023/06/06 6:34:44 PM GMT+5:30,25,Female,Once a week,Groceries and Gourmet Food;Beauty and Personal Care;Clothing and Fashion;Home and Kitchen,Few times a week,Filter,2,3;
2023/06/06 6:35:14 PM GMT+5:30,26,Male,Less than once a month,Groceries and Gourmet Food;Beauty and Personal Care;Clothing and Fashion;Home and Kitchen;others,Few times a week,Keyword,1,2
2023/06/06 6:35:33 PM GMT+5:30,27,Male,Once a week,Beauty and Personal Care;Clothing and Fashion;Home and Kitchen;others,Few times a month,Filter,3,3;
2023/06/06 6:36:16 PM GMT+5:30,29,Prefer not to say,Once a week,Beauty and Personal Care,Few times a week,categories,3,2;;;;
2023/06/06 6:37:19 PM GMT+5:30,35,Prefer not to say,Few times a month,Beauty and Personal Care;Clothing and Fashion;Home and Kitchen,Few times a month,Filter,4,3;;
2023/06/06 6:37:26 PM GMT+5:30,21,Female,Once a month,Beauty and Personal Care;Clothing and Fashion,Few times a week,Keyword,1,3;;;
2023/06/06 6:38:03 PM GMT+5:30,36,Male,Few times a month,Beauty and Personal Care;Home and Kitchen,Few times a month,categories,2,2;;;
2023/06/06 6:38:45 PM GMT+5:30,44,Female,Few times a month,Beauty and Personal Care,Multiple times a day,Filter,2,2;;;;
2023/06/06 6:38:49 PM GMT+5:30,32,Female,Once a week,Groceries and Gourmet Food;Beauty and Personal Care;Clothing and Fashion;Home and Kitchen;others,Multiple times a day,Keyword,1,1
2023/06/06 6:39:26 PM GMT+5:30,30,Male,Few times a month,Groceries and Gourmet Food;Beauty and Personal Care;Home and Kitchen,Few times a month,Filter,4,3;;
2023/06/06 6:40:27 PM GMT+5:30,36,Others,Less than once a month,others,Rarely,others,5,5;;;;
2023/06/06 6:40:30 PM GMT+5:30,25,Male,Less than once a month,Groceries and Gourmet Food;Beauty and Personal Care;Clothing and Fashion;Home and Kitchen;others,Rarely,Keyword,1,1
2023/06/06 6:41:11 PM GMT+5:30,20,Female,Multiple times a week,Groceries and Gourmet Food;Beauty and Personal Care;Clothing and Fashion;Home and Kitchen,Multiple times a day,Keyword,4,1;
2023/06/06 6:42:00 PM GMT+5:30,35,Female,Once a week,Beauty and Personal Care,Few times a month,categories,2,4;;;;
2023/06/06 6:42:07 PM GMT+5:30,42,Male,Less than once a month,Groceries and Gourmet Food;Home and Kitchen;others,Few times a month,Keyword,1,1;;
2023/06/06 6:43:02 PM GMT+5:30,37,Female,Few times a month,Groceries and Gourmet Food;Beauty and Personal Care;Clothing and Fashion;Home and Kitchen,Few times a month,categories,2,1;
2023/06/06 6:43:32 PM GMT+5:30,28,Female,Multiple times a week,Beauty and Personal Care;Clothing and Fashion;others,Multiple times a day,Keyword,3,2;;
2023/06/06 6:44:04 PM GMT+5:30,27,Male,Once a week,Beauty and Personal Care;Home and Kitchen,Few times a week,categories,3,2;;;
2023/06/06 6:44:50 PM GMT+5:30,45,Female,Once a week,Groceries and Gourmet Food;Beauty and Personal Care;Clothing and Fashion;Home and Kitchen,Multiple times a day,categories,2,2;
2023/06/06 6:45:07 PM GMT+5:30,35,Male,Less than once a month,Groceries and Gourmet Food;Clothing and Fashion;Home and Kitchen;others,Rarely,Keyword,1,1;
2023/06/06 6:45:33 PM GMT+5:30,50,Female,Multiple times a week,Beauty and Personal Care;Clothing and Fashion;Home and Kitchen,Few times a week,Filter,2,3;;
2023/06/06 6:46:14 PM GMT+5:30,54,Female,Few times a month,Beauty and Personal Care;others,Few times a week,Keyword,2,3;;;
2023/06/06 6:46:21 PM GMT+5:30,29,Female,Multiple times a week,Groceries and Gourmet Food;Beauty and Personal Care;Clothing and Fashion;Home and Kitchen;others,Multiple times a day,Keyword,1,1
2023/06/06 6:48:26 PM GMT+5:30,63,Male,Less than once a month,Groceries and Gourmet Food;Home and Kitchen;others,Rarely,Keyword,2,3;;
2023/06/06 6:51:13 PM GMT+5:30,24,Male,Few times a month,Beauty and Personal Care;Clothing and Fashion,Few times a week,Keyword,2,2;;;
2023/06/06 6:57:14 PM GMT+5:30,23,Female,Less than once a month,Beauty and Personal Care,Rarely,Keyword,1,1;;;;
2023/06/06 7:02:21 PM GMT+5:30,26,Female,Few times a month,Beauty and Personal Care;Clothing and Fashion,Few times a week,categories,5,1;;;
2023/06/06 7:08:47 PM GMT+5:30,29,Male,Multiple times a week,Beauty and Personal Care;Clothing and Fashion,Multiple times a day,Filter,3,1;;;
2023/06/06 7:10:14 PM GMT+5:30,46,Prefer not to say,Few times a month,Beauty and Personal Care;Clothing and Fashion,Few times a month,Keyword,2,3;;;
2023/06/06 7:10:55 PM GMT+5:30,24,Male,Less than once a month,others,Few times a month,Keyword,3,4;;;;
2023/06/06 7:11:13 PM GMT+5:30,33,Female,Few times a month,Groceries and Gourmet Food;Beauty and Personal Care,Few times a week,Filter,2,2;;;
2023/06/06 7:11:46 PM GMT+5:30,33,Female,Once a week,Beauty and Personal Care;others,Few times a week,Filter,2,1;;;
2023/06/06 7:12:54 PM GMT+5:30,31,Prefer not to say,Once a month,Clothing and Fashion,Few times a month,categories,3,5;;;;
2023/06/06 7:15:48 PM GMT+5:30,40,Prefer not to say,Few times a month,Clothing and Fashion;Home and Kitchen,Multiple times a day,Filter,1,1;;;
2023/06/06 7:16:28 PM GMT+5:30,37,Male,Once a week,Beauty and Personal Care;Clothing and Fashion,Few times a month,categories,2,3;;;
2023/06/06 7:17:17 PM GMT+5:30,25,Prefer not to say,Few times a month,Beauty and Personal Care,Rarely,categories,2,3;;;;
2023/06/06 7:18:01 PM GMT+5:30,60,Female,Once a week,Beauty and Personal Care;Clothing and Fashion,Multiple times a day,Keyword,2,2;;;
2023/06/06 7:18:52 PM GMT+5:30,18,Female,Once a week,Groceries and Gourmet Food;Beauty and Personal Care,Few times a month,categories,4,4;;;
2023/06/06 7:19:43 PM GMT+5:30,50,Male,Less than once a month,Clothing and Fashion;Home and Kitchen;others,Few times a week,categories,4,4;;
2023/06/06 7:20:35 PM GMT+5:30,24,Prefer not to say,Few times a month,Beauty and Personal Care;Clothing and Fashion;Home and Kitchen,Few times a month,categories,3,2;;
2023/06/06 7:21:26 PM GMT+5:30,19,Female,Few times a month,Beauty and Personal Care;Clothing and Fashion,Few times a month,categories,2,3;;;
2023/06/06 7:22:31 PM GMT+5:30,18,Female,Once a month,Beauty and Personal Care;Clothing and Fashion;others,Rarely,others,1,2;;
2023/06/06 7:23:25 PM GMT+5:30,17,Male,Few times a month,Groceries and Gourmet Food;Beauty and Personal Care;Clothing and Fashion,Few times a week,categories,2,2;;
2023/06/06 7:31:34 PM GMT+5:30,27,Female,Once a month,Beauty and Personal Care,Few times a week,Keyword,3,3;;;;
2023/06/06 7:39:44 PM GMT+5:30,23,Male,Less than once a month,Beauty and Personal Care;Home and Kitchen;others,Rarely,Filter,5,5;;
2023/06/06 7:40:11 PM GMT+5:30,35,Female,Few times a month,Beauty and Personal Care,Few times a month,categories,2,4;;;;
2023/06/06 7:40:53 PM GMT+5:30,57,Female,Few times a month,Groceries and Gourmet Food;Beauty and Personal Care;Clothing and Fashion;Home and Kitchen;others,Few times a week,Filter,3,3
2023/06/06 7:41:36 PM GMT+5:30,54,Male,Few times a month,Groceries and Gourmet Food;Clothing and Fashion;Home and Kitchen,Few times a week,Filter,3,2;;
2023/06/06 7:42:13 PM GMT+5:30,26,Prefer not to say,Once a month,Beauty and Personal Care,Few times a month,categories,2,2;;;;
2023/06/06 7:42:51 PM GMT+5:30,46,Male,Once a week,Beauty and Personal Care,Rarely,Keyword,2,2;;;;
2023/06/06 7:46:27 PM GMT+5:30,26,Female,Multiple times a week,Groceries and Gourmet Food;Beauty and Personal Care;Clothing and Fashion;Home and Kitchen;others,Few times a week,Keyword,3,3
2023/06/06 7:54:19 PM GMT+5:30,24,Male,Once a month,others,Few times a month,Filter,1,3;;;;
2023/06/06 8:01:47 PM GMT+5:30,26,Female,Once a month,Groceries and Gourmet Food;Beauty and Personal Care;Clothing and Fashion,Few times a week,categories,2,1;;
2023/06/06 8:08:19 PM GMT+5:30,27,Male,Once a month,Clothing and Fashion,Few times a month,categories,3,1;;;;
2023/06/06 8:55:08 PM GMT+5:30,22,Female,Few times a month,Beauty and Personal Care,Multiple times a day,Filter,1,3;;;;
2023/06/06 8:56:17 PM GMT+5:30,24,Male,Few times a month,Beauty and Personal Care,Few times a week,categories,3,3;;;;
2023/06/06 8:57:23 PM GMT+5:30,25,Male,Multiple times a week,Beauty and Personal Care,Few times a week,Filter,2,3;;;;
2023/06/06 9:08:20 PM GMT+5:30,22,Prefer not to say,Once a month,Beauty and Personal Care,Few times a week,others,3,3;;;;
2023/06/06 9:08:39 PM GMT+5:30,27,Male,Once a month,others,Few times a month,Keyword,3,1;;;;
2023/06/06 11:06:30 PM GMT+5:30,23,Female,Less than once a month,Clothing and Fashion;Home and Kitchen,Few times a month,Keyword,2,2;;;
2023/06/06 11:28:31 PM GMT+5:30,24,Male,Less than once a month,Clothing and Fashion,Few times a month,categories,3,3;;;;
2023/06/07 12:58:28 AM GMT+5:30,24,Female,Less than once a month,Beauty and Personal Care,Rarely,categories,3,3;;;;
2023/06/07 3:08:03 AM GMT+5:30,23,Female,Few times a month,Clothing and Fashion,Few times a month,Filter,4,3;;;;
2023/06/07 6:09:58 AM GMT+5:30,23,Male,Once a month,Clothing and Fashion;others,Few times a month,Keyword,3,3;;;
2023/06/07 9:19:23 AM GMT+5:30,25,Female,Once a week,Groceries and Gourmet Food,Multiple times a day,Filter,3,3;;;;
2023/06/07 9:20:34 AM GMT+5:30,21,Male,Once a week,Groceries and Gourmet Food,Few times a week,categories,3,3;;;;
2023/06/07 9:24:31 AM GMT+5:30,36,Female,Few times a month,Groceries and Gourmet Food,Few times a month,Keyword,3,3;;;;
2023/06/07 9:25:35 AM GMT+5:30,23,Female,Multiple times a week,Beauty and Personal Care,Few times a week,Filter,3,3;;;;
2023/06/07 9:27:03 AM GMT+5:30,23,Female,Few times a month,Clothing and Fashion,Few times a month,Filter,3,3;;;;
2023/06/07 9:28:09 AM GMT+5:30,23,Prefer not to say,Once a week,Clothing and Fashion,Few times a month,categories,3,3;;;;
2023/06/07 9:32:38 AM GMT+5:30,21,Female,Once a week,Beauty and Personal Care,Few times a week,Filter,3,3;;;;
2023/06/07 10:56:11 AM GMT+5:30,23,Prefer not to say,Once a week,Clothing and Fashion,Few times a month,Keyword,3,3;;;;
2023/06/07 10:57:14 AM GMT+5:30,26,Others,Few times a month,Beauty and Personal Care,Few times a week,Filter,3,2;;;;
2023/06/07 10:58:27 AM GMT+5:30,30,Female,Few times a month,Beauty and Personal Care,Few times a week,Filter,3,3;;;;
2023/06/07 11:41:56 AM GMT+5:30,37,Female,Once a month,Clothing and Fashion,Few times a month,categories,4,2;;;;
2023/06/07 11:44:55 AM GMT+5:30,26,Female,Once a month,Beauty and Personal Care,Few times a week,categories,2,3;;;;
2023/06/07 11:46:52 AM GMT+5:30,46,Female,Once a month,others,Rarely,others,1,1;;;;
2023/06/07 11:47:07 AM GMT+5:30,36,Female,Less than once a month,others,Rarely,others,4,4;;;;
2023/06/07 11:47:44 AM GMT+5:30,40,Female,Less than once a month,Home and Kitchen,Rarely,categories,3,2;;;;
2023/06/07 11:47:44 AM GMT+5:30,41,Male,Less than once a month,Clothing and Fashion,Few times a month,Keyword,5,2;;;;
2023/06/07 11:48:25 AM GMT+5:30,34,Male,Less than once a month,others,Rarely,Keyword,4,3;;;;
2023/06/07 11:54:03 AM GMT+5:30,29,Female,Once a month,Beauty and Personal Care;Clothing and Fashion;Home and Kitchen,Multiple times a day,Keyword,5,3;;
2023/06/07 12:01:15 PM GMT+5:30,35,Male,Once a month,Clothing and Fashion,Few times a week,categories,2,3;;;;
2023/06/07 12:13:39 PM GMT+5:30,32,Male,Less than once a month,Clothing and Fashion,Rarely,Keyword,3,1;;;;
2023/06/07 12:23:07 PM GMT+5:30,41,Male,Few times a month,Beauty and Personal Care;Clothing and Fashion;others,Few times a week,Filter,1,2;;
2023/06/07 12:27:12 PM GMT+5:30,35,Female,Few times a month,Home and Kitchen;others,Multiple times a day,Keyword,2,3;;;
2023/06/07 12:29:31 PM GMT+5:30,36,Female,Few times a month,Groceries and Gourmet Food;Home and Kitchen;others,Few times a week,Keyword,3,2;;
2023/06/07 12:30:22 PM GMT+5:30,46,Female,Once a week,others,Few times a week,Keyword,5,3;;;;
2023/06/07 12:36:04 PM GMT+5:30,39,Female,Few times a month,Home and Kitchen,Few times a week,Filter,1,2;;;;
2023/06/07 12:39:08 PM GMT+5:30,48,Male,Few times a month,Beauty and Personal Care,Few times a week,Filter,2,2;;;;
2023/06/07 12:44:27 PM GMT+5:30,25,Male,Few times a month,others,Few times a week,Keyword,3,3;;;;
2023/06/07 12:50:13 PM GMT+5:30,38,Male,Once a month,Beauty and Personal Care;Clothing and Fashion;Home and Kitchen;others,Few times a week,categories,3,3;
2023/06/07 1:00:08 PM GMT+5:30,26,Male,Once a month,Beauty and Personal Care;Clothing and Fashion;Home and Kitchen,Few times a week,categories,1,3;;
2023/06/07 1:00:09 PM GMT+5:30,40,Female,Less than once a month,Beauty and Personal Care,Few times a week,categories,3,4;;;;
2023/06/07 1:04:07 PM GMT+5:30,49,Female,Few times a month,Groceries and Gourmet Food;Home and Kitchen;others,Multiple times a day,Keyword,3,3;;
2023/06/07 1:05:41 PM GMT+5:30,30,Male,Less than once a month,Clothing and Fashion,Few times a week,categories,3,4;;;;
2023/06/07 1:25:26 PM GMT+5:30,24,Female,Less than once a month,Clothing and Fashion,Rarely,categories,2,3;;;;
2023/06/07 1:33:51 PM GMT+5:30,23,Female,Once a month,Beauty and Personal Care;Home and Kitchen,Few times a week,Keyword,2,2;;;
2023/06/07 1:40:37 PM GMT+5:30,27,Male,Once a month,Clothing and Fashion,Few times a month,Keyword,3,3;;;;
2023/06/07 1:49:06 PM GMT+5:30,28,Male,Less than once a month,others,Rarely,Keyword,5,2;;;;
2023/06/07 2:09:49 PM GMT+5:30,23,Male,Less than once a month,others,Few times a week,Keyword,2,3;;;;
2023/06/07 2:11:50 PM GMT+5:30,46,Female,Few times a month,Home and Kitchen,Few times a week,categories,1,2;;;;
2023/06/07 2:16:43 PM GMT+5:30,27,Male,Less than once a month,others,Rarely,Keyword,3,3;;;;
2023/06/07 2:19:05 PM GMT+5:30,20,Female,Once a month,Home and Kitchen,Rarely,categories,3,2;;;;
2023/06/07 2:22:14 PM GMT+5:30,23,Female,Less than once a month,Beauty and Personal Care;Clothing and Fashion,Few times a month,Keyword,4,3;;;
2023/06/07 2:23:02 PM GMT+5:30,29,Female,Once a week,Groceries and Gourmet Food;Beauty and Personal Care;Clothing and Fashion;Home and Kitchen;others,Multiple times a day,Keyword,2,2
2023/06/07 2:33:56 PM GMT+5:30,29,Female,Less than once a month,Clothing and Fashion,Few times a month,others,1,1;;;;
2023/06/07 2:40:30 PM GMT+5:30,57,Female,Few times a month,Home and Kitchen,Few times a week,categories,4,3;;;;
2023/06/07 3:13:52 PM GMT+5:30,25,Female,Less than once a month,Beauty and Personal Care,Few times a week,Keyword,4,3;;;;
2023/06/07 3:56:01 PM GMT+5:30,23,Female,Few times a month,Beauty and Personal Care;others,Few times a month,categories,1,3;;;
2023/06/07 3:58:52 PM GMT+5:30,15,Male,Once a month,Clothing and Fashion;others,Few times a week,Keyword,3,3;;;
2023/06/07 4:10:33 PM GMT+5:30,39,Male,Less than once a month,Clothing and Fashion;others,Few times a month,Keyword,3,3;;;
2023/06/07 4:46:12 PM GMT+5:30,23,Female,Once a month,Beauty and Personal Care;Clothing and Fashion,Few times a month,categories,3,4;;;
2023/06/07 5:26:20 PM GMT+5:30,25,Female,Less than once a month,Beauty and Personal Care,Few times a week,Keyword,3,3;;;;
2023/06/07 5:58:12 PM GMT+5:30,37,Female,Multiple times a week,Groceries and Gourmet Food;Beauty and Personal Care;Clothing and Fashion;Home and Kitchen;others,Few times a week,categories,2,3
2023/06/07 6:15:10 PM GMT+5:30,23,Female,Few times a month,Beauty and Personal Care;Home and Kitchen,Few times a month,categories,3,2;;;
2023/06/07 6:16:51 PM GMT+5:30,23,Female,Few times a month,Clothing and Fashion;Home and Kitchen,Few times a week,Filter,3,3;;;
2023/06/07 6:17:42 PM GMT+5:30,23,Female,Once a month,Clothing and Fashion;Home and Kitchen,Few times a month,Filter,3,3;;;
2023/06/07 6:18:37 PM GMT+5:30,23,Female,Once a week,Beauty and Personal Care,Few times a month,categories,3,3;;;;
2023/06/07 6:20:00 PM GMT+5:30,21,Female,Once a month,Clothing and Fashion;Home and Kitchen,Few times a month,Filter,2,2;;;
2023/06/07 6:20:53 PM GMT+5:30,21,Female,Once a week,Clothing and Fashion,Few times a week,Filter,4,2;;;;
2023/06/07 6:28:35 PM GMT+5:30,34,Female,Once a week,Beauty and Personal Care,Few times a week,Filter,2,3;;;;
2023/06/07 6:29:14 PM GMT+5:30,23,Female,Few times a month,Clothing and Fashion;Home and Kitchen,Few times a week,Filter,3,3;;;
2023/06/07 6:29:53 PM GMT+5:30,23,Female,Once a week,Beauty and Personal Care,Few times a month,Filter,3,3;;;;
2023/06/07 6:30:43 PM GMT+5:30,23,Prefer not to say,Few times a month,Clothing and Fashion,Few times a month,categories,3,3;;;;
2023/06/07 6:31:23 PM GMT+5:30,27,Female,Once a week,Beauty and Personal Care,Few times a month,categories,3,2;;;;
2023/06/07 7:17:13 PM GMT+5:30,23,Female,Less than once a month,others,Rarely,categories,3,3;;;;
2023/06/07 8:20:23 PM GMT+5:30,47,Female,Less than once a month,Clothing and Fashion,Rarely,categories,5,3;;;;
2023/06/07 8:41:53 PM GMT+5:30,54,Male,Less than once a month,others,Rarely,Keyword,1,3;;;;
2023/06/07 9:16:59 PM GMT+5:30,46,Prefer not to say,Once a week,Beauty and Personal Care;Home and Kitchen,Few times a month,Filter,3,3;;;
2023/06/07 9:17:50 PM GMT+5:30,38,Female,Once a month,others,Few times a week,categories,3,1;;;;
2023/06/07 9:18:29 PM GMT+5:30,45,Female,Few times a month,Groceries and Gourmet Food;Home and Kitchen,Few times a week,Filter,1,2;;;
2023/06/07 9:18:55 PM GMT+5:30,34,Male,Once a week,Clothing and Fashion,Few times a week,others,4,3;;;;
2023/06/07 9:19:32 PM GMT+5:30,44,Female,Once a week,Clothing and Fashion,Few times a month,categories,5,4;;;;
2023/06/07 9:21:10 PM GMT+5:30,23,Female,Few times a month,Clothing and Fashion;Home and Kitchen;others,Few times a month,Filter,2,3;;
2023/06/07 9:21:50 PM GMT+5:30,32,Female,Once a week,Beauty and Personal Care,Few times a week,Filter,4,4;;;;
2023/06/07 9:22:24 PM GMT+5:30,23,Female,Once a week,Beauty and Personal Care,Multiple times a day,Keyword,2,4;;;;
2023/06/07 9:23:39 PM GMT+5:30,23,Female,Few times a month,Clothing and Fashion,Few times a week,Filter,2,3;;;;
2023/06/07 9:23:41 PM GMT+5:30,23,Male,Once a week,Groceries and Gourmet Food;Clothing and Fashion;Home and Kitchen,Few times a week,Keyword,1,1;;
2023/06/07 9:35:08 PM GMT+5:30,19,Female,Few times a month,Clothing and Fashion,Few times a week,categories,4,2;;;;
2023/06/07 9:35:23 PM GMT+5:30,23,Female,Less than once a month,Beauty and Personal Care;others,Few times a month,Keyword,5,4;;;
2023/06/07 9:53:52 PM GMT+5:30,23,Female,Few times a month,Beauty and Personal Care;Clothing and Fashion,Few times a week,Keyword,2,3;;;
2023/06/07 9:54:24 PM GMT+5:30,34,Male,Once a week,Beauty and Personal Care;Home and Kitchen,Few times a month,Filter,3,3;;;
2023/06/07 9:54:56 PM GMT+5:30,34,Female,Once a week,Clothing and Fashion,Few times a week,Keyword,3,2;;;;
2023/06/07 10:07:42 PM GMT+5:30,34,Female,Once a month,Home and Kitchen;others,Few times a week,Keyword,3,4;;;
2023/06/07 10:09:17 PM GMT+5:30,23,Prefer not to say,Few times a month,Beauty and Personal Care,Few times a week,categories,2,2;;;;
2023/06/07 10:09:54 PM GMT+5:30,45,Female,Once a week,Clothing and Fashion,Rarely,Keyword,3,2;;;;
2023/06/07 10:10:26 PM GMT+5:30,23,Female,Once a week,Groceries and Gourmet Food,Few times a week,Filter,2,2;;;;
2023/06/07 10:10:58 PM GMT+5:30,34,Female,Once a week,Clothing and Fashion;Home and Kitchen,Few times a month,Filter,3,3;;;
2023/06/07 10:11:28 PM GMT+5:30,37,Female,Once a week,Beauty and Personal Care,Few times a week,categories,3,3;;;;
2023/06/07 10:16:22 PM GMT+5:30,34,Female,Once a week,Clothing and Fashion,Few times a week,Filter,2,3;;;;
2023/06/07 10:16:54 PM GMT+5:30,23,Others,Once a month,Groceries and Gourmet Food,Few times a week,Filter,3,3;;;;
2023/06/07 10:17:40 PM GMT+5:30,45,Female,Once a week,others,Rarely,Keyword,3,3;;;;
2023/06/07 10:20:09 PM GMT+5:30,26,Male,Less than once a month,Clothing and Fashion,Few times a week,Keyword,3,1;;;;
2023/06/07 10:21:00 PM GMT+5:30,34,Female,Few times a month,Beauty and Personal Care;Clothing and Fashion,Few times a week,categories,2,2;;;
2023/06/07 10:35:06 PM GMT+5:30,21,Prefer not to say,Once a week,Beauty and Personal Care;Clothing and Fashion,Few times a week,Filter,3,3;;;
2023/06/07 10:38:51 PM GMT+5:30,23,Prefer not to say,Few times a month,Clothing and Fashion;Home and Kitchen,Few times a week,Keyword,4,3;;;
2023/06/07 10:39:21 PM GMT+5:30,41,Male,Multiple times a week,Groceries and Gourmet Food;Beauty and Personal Care;Clothing and Fashion;Home and Kitchen;others,Multiple times a day,Keyword,3,3
2023/06/07 10:40:10 PM GMT+5:30,32,Female,Few times a month,Beauty and Personal Care;Clothing and Fashion,Few times a week,Filter,3,3;;;
2023/06/07 10:41:10 PM GMT+5:30,23,Female,Once a week,Beauty and Personal Care,Few times a week,Filter,4,3;;;;
2023/06/07 10:42:24 PM GMT+5:30,22,Female,Multiple times a week,Beauty and Personal Care,Few times a week,Keyword,4,3;;;;
2023/06/07 10:44:42 PM GMT+5:30,48,Female,Multiple times a week,Clothing and Fashion,Rarely,Keyword,1,2;;;;
2023/06/07 10:58:04 PM GMT+5:30,32,Male,Few times a month,Groceries and Gourmet Food,Few times a week,Filter,3,3;;;;
2023/06/07 10:59:06 PM GMT+5:30,28,Prefer not to say,Few times a month,Beauty and Personal Care,Few times a month,categories,3,3;;;;
2023/06/07 11:00:15 PM GMT+5:30,23,Female,Once a week,Beauty and Personal Care,Few times a week,Filter,3,3;;;;
2023/06/07 11:01:42 PM GMT+5:30,23,Female,Few times a month,Beauty and Personal Care,Few times a week,categories,3,3;;;;
2023/06/07 11:02:45 PM GMT+5:30,26,Female,Multiple times a week,Clothing and Fashion,Few times a week,categories,4,3;;;;
2023/06/07 11:03:50 PM GMT+5:30,34,Female,Multiple times a week,Beauty and Personal Care,Few times a week,categories,4,3;;;;
2023/06/07 11:05:19 PM GMT+5:30,23,Female,Multiple times a week,Beauty and Personal Care,Few times a week,Filter,3,3;;;;
2023/06/07 11:06:40 PM GMT+5:30,22,Female,Once a week,Clothing and Fashion,Few times a month,Filter,3,3;;;;
2023/06/07 11:07:55 PM GMT+5:30,32,Prefer not to say,Once a month,Clothing and Fashion,Few times a week,categories,3,3;;;;
2023/06/07 11:08:52 PM GMT+5:30,47,Female,Once a month,Clothing and Fashion,Multiple times a day,categories,3,2;;;;
2023/06/07 11:10:09 PM GMT+5:30,22,Female,Few times a month,Beauty and Personal Care,Few times a week,categories,3,3;;;;
2023/06/08 3:23:21 AM GMT+5:30,47,Male,Few times a month,Clothing and Fashion;Home and Kitchen;others,Few times a week,Filter,3,2;;
2023/06/08 3:23:36 AM GMT+5:30,22,Female,Few times a month,Groceries and Gourmet Food;Beauty and Personal Care;Clothing and Fashion;Home and Kitchen;others,Multiple times a day,Keyword,1,2
2023/06/08 3:23:58 AM GMT+5:30,45,Prefer not to say,Once a month,Groceries and Gourmet Food;Beauty and Personal Care,Rarely,others,5,5;;;
2023/06/08 3:24:37 AM GMT+5:30,21,Male,Less than once a month,others,Rarely,others,4,4;;;;
2023/06/08 3:25:14 AM GMT+5:30,27,Others,Few times a month,Beauty and Personal Care;Clothing and Fashion,Few times a month,categories,2,2;;;
2023/06/08 3:25:32 AM GMT+5:30,37,Male,Less than once a month,Groceries and Gourmet Food;Home and Kitchen;others,Few times a week,Keyword,2,2;;
2023/06/08 3:26:03 AM GMT+5:30,33,Female,Multiple times a week,Groceries and Gourmet Food;Beauty and Personal Care;Clothing and Fashion;Home and Kitchen;others,Few times a month,categories,2,3
2023/06/08 3:26:38 AM GMT+5:30,22,Others,Once a week,Beauty and Personal Care,Few times a month,categories,2,2;;;;
2023/06/08 3:27:23 AM GMT+5:30,25,Male,Few times a month,Clothing and Fashion;Home and Kitchen,Multiple times a day,Filter,3,3;;;
2023/06/08 3:27:57 AM GMT+5:30,28,Female,Few times a month,Groceries and Gourmet Food;Beauty and Personal Care;Clothing and Fashion;Home and Kitchen;others,Multiple times a day,Keyword,1,1
2023/06/08 3:28:23 AM GMT+5:30,17,Prefer not to say,Few times a month,Clothing and Fashion;Home and Kitchen;others,Rarely,Filter,5,5;;
2023/06/08 3:29:26 AM GMT+5:30,16,Male,Once a month,Clothing and Fashion;others,Rarely,Keyword,4,4;;;
2023/06/08 3:30:05 AM GMT+5:30,32,Male,Less than once a month,Groceries and Gourmet Food;Beauty and Personal Care;others,Multiple times a day,Keyword,2,2;;
2023/06/08 3:30:19 AM GMT+5:30,27,Female,Once a month,Groceries and Gourmet Food;Beauty and Personal Care;Clothing and Fashion;Home and Kitchen,Few times a month,categories,1,2;
2023/06/08 3:32:42 AM GMT+5:30,18,Female,Few times a month,Groceries and Gourmet Food;Beauty and Personal Care;Clothing and Fashion,Few times a week,Keyword,1,2;;
2023/06/08 3:33:39 AM GMT+5:30,37,Male,Less than once a month,others,Rarely,others,4,4;;;;
2023/06/08 7:00:57 AM GMT+5:30,28,Male,Once a month,Clothing and Fashion,Few times a week,categories,2,3;;;;
2023/06/08 7:33:15 AM GMT+5:30,48,Female,Less than once a month,Beauty and Personal Care,Rarely,categories,3,3;;;;
2023/06/08 8:59:45 AM GMT+5:30,50,Female,Multiple times a week,Home and Kitchen,Multiple times a day,others,2,3;;;;
2023/06/08 9:16:26 AM GMT+5:30,24,Female,Few times a month,Clothing and Fashion;Home and Kitchen,Few times a week,Keyword,3,3;;;
2023/06/08 9:54:40 AM GMT+5:30,40,Female,Few times a month,Beauty and Personal Care;Clothing and Fashion;others,Few times a week,categories,5,3;;
2023/06/08 10:54:00 AM GMT+5:30,25,Female,Multiple times a week,Beauty and Personal Care;Clothing and Fashion;Home and Kitchen,Multiple times a day,Filter,1,1;;
2023/06/08 11:59:14 AM GMT+5:30,31,Male,Once a week,Beauty and Personal Care;Home and Kitchen;others,Multiple times a day,Keyword,2,3;;
2023/06/08 12:22:05 PM GMT+5:30,18,Female,Once a month,Clothing and Fashion,Few times a month,Keyword,1,5;;;;
2023/06/08 2:21:41 PM GMT+5:30,26,Female,Once a week,Beauty and Personal Care,Few times a month,categories,1,1;;;;
2023/06/08 4:29:56 PM GMT+5:30,16,Female,Less than once a month,Clothing and Fashion;Home and Kitchen,Few times a month,Keyword,1,3;;;
2023/06/08 5:06:30 PM GMT+5:30,18,Male,Once a week,Beauty and Personal Care;Clothing and Fashion,Multiple times a day,categories,3,3;;;
2023/06/08 5:07:19 PM GMT+5:30,40,Male,Less than once a month,Home and Kitchen;others,Few times a week,Keyword,2,2;;;
2023/06/08 5:07:35 PM GMT+5:30,19,Female,Few times a month,Beauty and Personal Care;Clothing and Fashion,Multiple times a day,Keyword,1,1;;;
2023/06/08 5:08:27 PM GMT+5:30,16,Prefer not to say,Few times a month,Groceries and Gourmet Food;Beauty and Personal Care;Clothing and Fashion;Home and Kitchen;others,Few times a week,Filter,2,1
2023/06/08 5:09:31 PM GMT+5:30,43,Male,Less than once a month,Groceries and Gourmet Food;Home and Kitchen,Rarely,Keyword,1,3;;;
2023/06/08 5:11:27 PM GMT+5:30,25,Prefer not to say,Once a week,Clothing and Fashion;Home and Kitchen;others,Few times a month,categories,4,2;;
2023/06/08 5:13:33 PM GMT+5:30,22,Female,Once a month,Beauty and Personal Care;Clothing and Fashion;others,Multiple times a day,Keyword,1,2;;
2023/06/08 5:14:30 PM GMT+5:30,17,Prefer not to say,Once a month,Clothing and Fashion;others,Few times a month,categories,4,4;;;
2023/06/08 5:15:27 PM GMT+5:30,34,Male,Less than once a month,Groceries and Gourmet Food;Beauty and Personal Care;Clothing and Fashion;Home and Kitchen;others,Multiple times a day,Keyword,1,1
2023/06/08 5:16:17 PM GMT+5:30,30,Prefer not to say,Few times a month,Beauty and Personal Care;Clothing and Fashion;Home and Kitchen;others,Few times a month,others,2,4;
2023/06/08 5:17:10 PM GMT+5:30,31,Others,Once a month,Home and Kitchen,Few times a week,Filter,4,2;;;;
2023/06/08 5:19:23 PM GMT+5:30,31,Female,Few times a month,Clothing and Fashion;Home and Kitchen,Few times a week,categories,2,2;;;
2023/06/08 5:19:41 PM GMT+5:30,34,Prefer not to say,Multiple times a week,Beauty and Personal Care,Multiple times a day,Keyword,5,5;;;;
2023/06/08 5:19:56 PM GMT+5:30,26,Female,Once a month,Clothing and Fashion,Few times a week,categories,1,1;;;;
2023/06/08 5:20:43 PM GMT+5:30,26,Male,Once a month,Groceries and Gourmet Food;Beauty and Personal Care;Clothing and Fashion;Home and Kitchen;others,Multiple times a day,Keyword,1,1
2023/06/08 5:20:57 PM GMT+5:30,24,Prefer not to say,Less than once a month,Clothing and Fashion;others,Rarely,others,4,4;;;
2023/06/08 5:22:08 PM GMT+5:30,26,Female,Once a month,Beauty and Personal Care;Clothing and Fashion;Home and Kitchen;others,Few times a week,categories,4,4;
2023/06/08 5:23:05 PM GMT+5:30,29,Male,Less than once a month,Groceries and Gourmet Food;Beauty and Personal Care;Home and Kitchen,Few times a week,Keyword,3,2;;
2023/06/08 5:23:08 PM GMT+5:30,37,Prefer not to say,Few times a month,Beauty and Personal Care;Clothing and Fashion,Multiple times a day,Filter,3,3;;;
2023/06/08 5:24:42 PM GMT+5:30,34,Others,Few times a month,Clothing and Fashion,Few times a week,Filter,3,3;;;;
2023/06/08 5:25:27 PM GMT+5:30,31,Female,Once a month,Groceries and Gourmet Food;Beauty and Personal Care;Clothing and Fashion;Home and Kitchen;others,Few times a week,Keyword,2,3
2023/06/08 5:25:40 PM GMT+5:30,27,Male,Multiple times a week,Beauty and Personal Care;Clothing and Fashion,Few times a month,categories,2,2;;;
2023/06/08 5:27:22 PM GMT+5:30,23,Male,Once a month,Clothing and Fashion;Home and Kitchen;others,Few times a month,categories,2,1;;
2023/06/08 5:28:09 PM GMT+5:30,21,Prefer not to say,Once a month,Beauty and Personal Care;Home and Kitchen;others,Few times a month,categories,2,2;;
2023/06/08 5:28:47 PM GMT+5:30,53,Male,Less than once a month,Groceries and Gourmet Food;Home and Kitchen,Few times a week,Keyword,1,2;;;
2023/06/08 5:29:01 PM GMT+5:30,26,Prefer not to say,Once a month,Groceries and Gourmet Food;Beauty and Personal Care;Clothing and Fashion;others,Few times a week,Keyword,3,2;
2023/06/08 5:30:12 PM GMT+5:30,28,Prefer not to say,Few times a month,Beauty and Personal Care;Clothing and Fashion;Home and Kitchen,Few times a month,categories,2,2;;
2023/06/08 5:30:34 PM GMT+5:30,47,Female,Once a month,Groceries and Gourmet Food;Beauty and Personal Care;Clothing and Fashion;Home and Kitchen;others,Multiple times a day,Keyword,2,3
2023/06/08 5:31:03 PM GMT+5:30,37,Prefer not to say,Once a week,Clothing and Fashion;Home and Kitchen;others,Multiple times a day,Keyword,2,2;;
2023/06/08 5:32:09 PM GMT+5:30,37,Prefer not to say,Once a week,Groceries and Gourmet Food;Beauty and Personal Care;others,Few times a week,Filter,3,1;;
2023/06/08 5:32:12 PM GMT+5:30,39,Male,Less than once a month,Groceries and Gourmet Food;Beauty and Personal Care;Clothing and Fashion;Home and Kitchen;others,Few times a week,Keyword,5,3
2023/06/08 5:33:01 PM GMT+5:30,40,Prefer not to say,Few times a month,Groceries and Gourmet Food;Clothing and Fashion,Few times a month,categories,2,2;;;
2023/06/08 5:33:12 PM GMT+5:30,23,Female,Few times a month,Groceries and Gourmet Food;Beauty and Personal Care,Few times a month,Keyword,2,2;;;
2023/06/08 5:34:27 PM GMT+5:30,25,Prefer not to say,Few times a month,Clothing and Fashion;Home and Kitchen;others,Few times a week,Keyword,2,2;;
2023/06/08 5:35:01 PM GMT+5:30,34,Female,Multiple times a week,Beauty and Personal Care;Clothing and Fashion,Multiple times a day,Keyword,5,4;;;
2023/06/08 5:35:25 PM GMT+5:30,26,Female,Few times a month,Groceries and Gourmet Food;Clothing and Fashion;Home and Kitchen;others,Few times a week,Keyword,2,2;
2023/06/08 5:36:14 PM GMT+5:30,31,Prefer not to say,Once a week,Clothing and Fashion;Home and Kitchen;others,Multiple times a day,Keyword,4,2;;
2023/06/08 5:37:13 PM GMT+5:30,26,Female,Few times a month,Clothing and Fashion;Home and Kitchen,Rarely,categories,4,2;;;
2023/06/08 5:37:58 PM GMT+5:30,34,Female,Few times a month,Groceries and Gourmet Food;Beauty and Personal Care;Clothing and Fashion;Home and Kitchen;others,Few times a month,categories,2,3
2023/06/08 5:38:01 PM GMT+5:30,18,Female,Few times a month,Beauty and Personal Care;Clothing and Fashion,Multiple times a day,Keyword,3,3;;;
2023/06/08 5:38:57 PM GMT+5:30,40,Male,Few times a month,Groceries and Gourmet Food;Beauty and Personal Care;Clothing and Fashion,Few times a month,others,2,2;;
2023/06/08 5:39:54 PM GMT+5:30,42,Female,Few times a month,Clothing and Fashion;Home and Kitchen;others,Few times a week,Keyword,3,4;;
2023/06/08 5:39:57 PM GMT+5:30,35,Prefer not to say,Once a month,Groceries and Gourmet Food;Beauty and Personal Care;Clothing and Fashion;Home and Kitchen;others,Multiple times a day,Keyword,1,2
2023/06/08 5:40:49 PM GMT+5:30,37,Male,Once a month,Clothing and Fashion;Home and Kitchen;others,Few times a week,Filter,2,2;;
2023/06/08 5:41:46 PM GMT+5:30,46,Male,Less than once a month,Home and Kitchen;others,Rarely,others,4,4;;;
2023/06/08 5:42:23 PM GMT+5:30,24,Prefer not to say,Few times a month,Beauty and Personal Care;Clothing and Fashion,Few times a week,Keyword,5,4;;;
2023/06/08 5:42:27 PM GMT+5:30,35,Prefer not to say,Once a month,Groceries and Gourmet Food;Beauty and Personal Care,Few times a week,Filter,2,3;;;
2023/06/08 5:43:45 PM GMT+5:30,46,Female,Once a month,Groceries and Gourmet Food;Beauty and Personal Care;Clothing and Fashion;Home and Kitchen,Few times a week,Filter,2,2;
2023/06/08 5:44:57 PM GMT+5:30,32,Others,Once a month,Groceries and Gourmet Food;Beauty and Personal Care;Clothing and Fashion;Home and Kitchen;others,Multiple times a day,Keyword,2,2
2023/06/08 5:45:08 PM GMT+5:30,35,Female,Few times a month,Beauty and Personal Care;Clothing and Fashion;Home and Kitchen,Multiple times a day,Keyword,2,2;;
2023/06/08 5:45:59 PM GMT+5:30,36,Female,Few times a month,Beauty and Personal Care;Clothing and Fashion;Home and Kitchen,Few times a week,Filter,2,2;;
2023/06/08 5:46:49 PM GMT+5:30,15,Female,Multiple times a week,Beauty and Personal Care;Clothing and Fashion;Home and Kitchen,Multiple times a day,Keyword,1,2;;
2023/06/08 5:47:32 PM GMT+5:30,43,Prefer not to say,Less than once a month,Groceries and Gourmet Food;Home and Kitchen;others,Rarely,Keyword,1,3;;
2023/06/08 5:48:14 PM GMT+5:30,20,Prefer not to say,Multiple times a week,Beauty and Personal Care;Clothing and Fashion;Home and Kitchen;others,Multiple times a day,categories,4,2;
2023/06/08 5:48:55 PM GMT+5:30,34,Female,Multiple times a week,Beauty and Personal Care;Clothing and Fashion;Home and Kitchen,Multiple times a day,categories,2,1;;
2023/06/08 5:49:56 PM GMT+5:30,34,Male,Less than once a month,Groceries and Gourmet Food;Beauty and Personal Care;Clothing and Fashion;Home and Kitchen;others,Few times a month,Keyword,1,3
2023/06/08 5:52:26 PM GMT+5:30,25,Female,Few times a month,Clothing and Fashion;Home and Kitchen;others,Few times a week,Filter,2,4;;
2023/06/08 5:52:44 PM GMT+5:30,21,Prefer not to say,Once a month,Beauty and Personal Care;Clothing and Fashion,Multiple times a day,Keyword,3,1;;;
2023/06/08 5:53:11 PM GMT+5:30,24,Prefer not to say,Once a month,Clothing and Fashion;Home and Kitchen,Few times a month,categories,3,1;;;
2023/06/08 5:54:05 PM GMT+5:30,36,Female,Few times a month,Groceries and Gourmet Food;Beauty and Personal Care;Clothing and Fashion,Few times a month,categories,2,2;;
2023/06/08 5:54:49 PM GMT+5:30,46,Male,Few times a month,Clothing and Fashion;Home and Kitchen,Few times a month,Filter,1,3;;;
2023/06/08 5:55:15 PM GMT+5:30,27,Male,Once a month,Beauty and Personal Care;Clothing and Fashion;Home and Kitchen,Few times a month,Keyword,1,5;;
2023/06/08 5:55:54 PM GMT+5:30,25,Male,Few times a month,Clothing and Fashion;Home and Kitchen,Few times a month,Filter,2,3;;;
2023/06/08 5:57:03 PM GMT+5:30,43,Male,Once a week,Beauty and Personal Care;Clothing and Fashion;Home and Kitchen,Few times a week,Keyword,2,5;;
2023/06/08 5:57:34 PM GMT+5:30,32,Prefer not to say,Multiple times a week,Beauty and Personal Care;Clothing and Fashion,Few times a week,Keyword,1,2;;;
2023/06/08 5:58:03 PM GMT+5:30,18,Male,Once a week,Clothing and Fashion;Home and Kitchen,Few times a week,categories,3,3;;;
2023/06/08 5:58:43 PM GMT+5:30,45,Female,Multiple times a week,Beauty and Personal Care;Clothing and Fashion;Home and Kitchen,Few times a month,categories,3,2;;
2023/06/08 5:59:20 PM GMT+5:30,25,Prefer not to say,Once a month,Beauty and Personal Care;Clothing and Fashion;others,Few times a week,Keyword,1,2;;
2023/06/08 5:59:25 PM GMT+5:30,45,Male,Less than once a month,Clothing and Fashion;Home and Kitchen,Few times a month,Filter,2,2;;;
2023/06/08 6:00:06 PM GMT+5:30,32,Female,Once a week,Groceries and Gourmet Food;Beauty and Personal Care;Clothing and Fashion;Home and Kitchen;others,Few times a week,Filter,2,3
2023/06/08 6:00:20 PM GMT+5:30,42,Female,Once a month,Groceries and Gourmet Food;Beauty and Personal Care;Clothing and Fashion;Home and Kitchen;others,Few times a month,Keyword,1,2
2023/06/08 6:00:50 PM GMT+5:30,35,Female,Multiple times a week,Clothing and Fashion;Home and Kitchen,Few times a month,categories,3,3;;;
2023/06/08 6:01:31 PM GMT+5:30,35,Female,Few times a month,Groceries and Gourmet Food;Clothing and Fashion;Home and Kitchen;others,Few times a month,others,4,4;
2023/06/08 6:01:33 PM GMT+5:30,52,Male,Multiple times a week,Groceries and Gourmet Food;Beauty and Personal Care;others,Few times a week,Keyword,3,1;;
2023/06/08 6:39:59 PM GMT+5:30,24,Female,Less than once a month,Home and Kitchen,Rarely,categories,4,1;;;;
2023/06/08 7:46:31 PM GMT+5:30,28,Female,Once a week,Beauty and Personal Care;Clothing and Fashion;Home and Kitchen,Few times a week,Keyword,2,3;;
2023/06/08 7:50:55 PM GMT+5:30,33,Female,Multiple times a week,Beauty and Personal Care;Clothing and Fashion;Home and Kitchen,Multiple times a day,Keyword,2,2;;
2023/06/08 8:26:58 PM GMT+5:30,23,Female,Less than once a month,Beauty and Personal Care;Clothing and Fashion;Home and Kitchen,Rarely,Keyword,4,5;;
2023/06/08 9:17:38 PM GMT+5:30,21,Female,Less than once a month,Beauty and Personal Care;Clothing and Fashion,Few times a month,Keyword,1,2;;;
2023/06/08 9:39:30 PM GMT+5:30,34,Female,Few times a month,Home and Kitchen,Few times a month,categories,1,3;;;;
2023/06/08 9:39:55 PM GMT+5:30,23,Prefer not to say,Once a month,Clothing and Fashion,Few times a month,Filter,3,2;;;;
2023/06/08 9:40:24 PM GMT+5:30,34,Prefer not to say,Few times a month,Beauty and Personal Care,Rarely,others,2,2;;;;
2023/06/08 9:40:50 PM GMT+5:30,34,Female,Once a week,Home and Kitchen,Few times a week,Filter,2,2;;;;
2023/06/08 10:13:41 PM GMT+5:30,25,Female,Less than once a month,others,Rarely,categories,3,3;;;;
2023/06/08 10:21:20 PM GMT+5:30,32,Male,Less than once a month,others,Rarely,categories,2,2;;;;
2023/06/08 10:24:19 PM GMT+5:30,24,Female,Few times a month,Home and Kitchen,Few times a week,Keyword,2,2;;;;
2023/06/08 10:38:16 PM GMT+5:30,34,Female,Few times a month,Clothing and Fashion,Few times a month,categories,5,1;;;;
2023/06/08 10:38:51 PM GMT+5:30,44,Male,Once a week,Beauty and Personal Care,Few times a week,categories,3,3;;;;
2023/06/08 10:39:27 PM GMT+5:30,23,Female,Once a week,Beauty and Personal Care;Clothing and Fashion;Home and Kitchen,Few times a week,Filter,2,2;;
2023/06/08 10:39:59 PM GMT+5:30,23,Female,Few times a month,Clothing and Fashion,Rarely,categories,3,4;;;;
2023/06/08 10:40:33 PM GMT+5:30,34,Female,Once a week,Beauty and Personal Care,Few times a month,Keyword,3,2;;;;
2023/06/08 10:41:11 PM GMT+5:30,23,Female,Once a week,Beauty and Personal Care;Clothing and Fashion,Multiple times a day,Filter,3,1;;;
2023/06/09 3:47:38 AM GMT+5:30,36,Female,Once a month,Home and Kitchen,Few times a week,categories,3,3;;;;
2023/06/09 8:10:05 AM GMT+5:30,24,Female,Few times a month,Groceries and Gourmet Food;Beauty and Personal Care;Clothing and Fashion;Home and Kitchen;others,Multiple times a day,Keyword,3,3
2023/06/09 9:31:57 AM GMT+5:30,21,Female,Once a week,Beauty and Personal Care;Clothing and Fashion;others,Few times a week,Filter,3,3;;
2023/06/09 9:32:44 AM GMT+5:30,21,Female,Few times a month,Clothing and Fashion,Few times a week,categories,2,2;;;;
2023/06/09 9:33:35 AM GMT+5:30,45,Male,Once a month,Clothing and Fashion,Multiple times a day,Keyword,2,3;;;;
2023/06/09 9:34:07 AM GMT+5:30,21,Female,Once a week,Beauty and Personal Care,Few times a month,Filter,2,2;;;;
2023/06/09 9:34:44 AM GMT+5:30,23,Female,Once a week,Clothing and Fashion,Few times a week,categories,2,2;;;;
2023/06/09 9:35:19 AM GMT+5:30,21,Female,Once a week,Groceries and Gourmet Food;Beauty and Personal Care;Home and Kitchen,Few times a month,Keyword,3,1;;
2023/06/09 9:35:57 AM GMT+5:30,34,Female,Once a month,Clothing and Fashion,Few times a week,categories,2,3;;;;
2023/06/09 9:37:15 AM GMT+5:30,21,Female,Few times a month,Beauty and Personal Care,Few times a month,categories,2,3;;;;
2023/06/09 9:37:44 AM GMT+5:30,23,Female,Once a week,Clothing and Fashion,Few times a month,Filter,2,4;;;;
2023/06/09 9:38:31 AM GMT+5:30,21,Female,Once a week,Groceries and Gourmet Food;Clothing and Fashion;others,Few times a month,categories,3,3;;
2023/06/09 9:39:04 AM GMT+5:30,32,Female,Once a month,others,Few times a month,others,3,3;;;;
2023/06/09 10:22:03 AM GMT+5:30,35,Prefer not to say,Once a week,Groceries and Gourmet Food,Few times a week,Filter,4,3;;;;
2023/06/09 10:22:35 AM GMT+5:30,37,Male,Once a month,Groceries and Gourmet Food;Beauty and Personal Care;Home and Kitchen,Few times a week,Filter,2,2;;
2023/06/09 10:23:05 AM GMT+5:30,23,Female,Once a week,Clothing and Fashion,Few times a month,categories,1,4;;;;
2023/06/09 10:23:45 AM GMT+5:30,33,Others,Few times a month,Clothing and Fashion,Few times a month,others,3,3;;;;
2023/06/09 10:24:58 AM GMT+5:30,35,Female,Few times a month,Clothing and Fashion;Home and Kitchen,Few times a month,categories,2,3;;;
2023/06/09 10:25:27 AM GMT+5:30,44,Female,Once a week,Clothing and Fashion,Few times a week,categories,3,4;;;;
2023/06/09 10:26:01 AM GMT+5:30,34,Male,Once a week,Clothing and Fashion,Few times a month,categories,2,3;;;;
2023/06/09 10:26:26 AM GMT+5:30,34,Prefer not to say,Once a month,Clothing and Fashion,Few times a month,categories,2,3;;;;
2023/06/09 10:26:51 AM GMT+5:30,34,Female,Few times a month,others,Few times a month,categories,1,3;;;;
2023/06/09 10:28:23 AM GMT+5:30,34,Female,Few times a month,Clothing and Fashion,Few times a week,Filter,2,2;;;;
2023/06/09 10:28:57 AM GMT+5:30,3,Prefer not to say,Once a month,Home and Kitchen,Few times a week,categories,3,3;;;;
2023/06/09 10:30:39 AM GMT+5:30,23,Female,Multiple times a week,Beauty and Personal Care,Few times a week,categories,3,3;;;;
2023/06/09 10:31:15 AM GMT+5:30,33,Female,Few times a month,Clothing and Fashion,Multiple times a day,categories,3,3;;;;
2023/06/09 10:58:13 AM GMT+5:30,23,Female,Few times a month,Clothing and Fashion,Rarely,others,3,3;;;;
2023/06/09 10:58:44 AM GMT+5:30,34,Female,Few times a month,Groceries and Gourmet Food;Home and Kitchen,Few times a month,Filter,1,3;;;
2023/06/09 10:59:38 AM GMT+5:30,23,Female,Few times a month,Beauty and Personal Care;Home and Kitchen,Few times a month,Filter,3,3;;;
2023/06/09 12:22:47 PM GMT+5:30,34,Prefer not to say,Once a week,Clothing and Fashion,Few times a month,categories,2,2;;;;
2023/06/09 2:22:25 PM GMT+5:30,23,Female,Few times a month,Clothing and Fashion,Multiple times a day,Keyword,3,3;;;;
2023/06/09 2:23:03 PM GMT+5:30,23,Female,Once a week,Beauty and Personal Care,Few times a month,categories,2,4;;;;
2023/06/09 2:23:45 PM GMT+5:30,23,Female,Once a week,Beauty and Personal Care;Home and Kitchen,Few times a week,categories,3,4;;;
2023/06/09 2:34:43 PM GMT+5:30,23,Prefer not to say,Once a month,Groceries and Gourmet Food;Clothing and Fashion;Home and Kitchen,Few times a month,categories,2,2;;
2023/06/09 2:35:29 PM GMT+5:30,45,Female,Few times a month,Beauty and Personal Care;others,Few times a month,categories,3,2;;;
2023/06/09 2:36:09 PM GMT+5:30,23,Female,Less than once a month,Clothing and Fashion,Multiple times a day,Filter,2,2;;;;
2023/06/09 2:36:46 PM GMT+5:30,34,Prefer not to say,Once a week,Beauty and Personal Care,Few times a month,categories,3,2;;;;
2023/06/09 2:39:16 PM GMT+5:30,45,Female,Once a month,Beauty and Personal Care;Home and Kitchen,Few times a week,categories,3,3;;;
2023/06/09 2:39:47 PM GMT+5:30,34,Female,Once a week,Beauty and Personal Care,Few times a week,categories,3,3;;;;
2023/06/09 2:40:21 PM GMT+5:30,45,Female,Few times a month,Groceries and Gourmet Food;Clothing and Fashion,Few times a month,categories,3,2;;;
2023/06/09 2:41:53 PM GMT+5:30,67,Female,Few times a month,Beauty and Personal Care,Few times a month,categories,1,3;;;;
2023/06/09 2:42:24 PM GMT+5:30,34,Others,Once a week,Beauty and Personal Care,Rarely,categories,2,3;;;;
2023/06/09 2:42:57 PM GMT+5:30,21,Female,Few times a month,Beauty and Personal Care,Few times a week,Filter,3,3;;;;
2023/06/09 2:43:37 PM GMT+5:30,17,Female,Few times a month,Clothing and Fashion,Few times a week,Filter,3,3;;;;
2023/06/09 2:44:09 PM GMT+5:30,34,Female,Few times a month,Clothing and Fashion,Few times a week,Filter,2,3;;;;
2023/06/09 2:49:20 PM GMT+5:30,46,Prefer not to say,Few times a month,Clothing and Fashion,Few times a week,Filter,3,3;;;;
2023/06/09 2:51:07 PM GMT+5:30,54,Female,Few times a month,Clothing and Fashion,Few times a week,Filter,3,3;;;;
2023/06/09 3:00:03 PM GMT+5:30,56,Prefer not to say,Once a week,Clothing and Fashion,Few times a month,categories,3,3;;;;
2023/06/09 3:06:37 PM GMT+5:30,50,Prefer not to say,Few times a month,Groceries and Gourmet Food;Beauty and Personal Care;Clothing and Fashion;Home and Kitchen,Few times a week,categories,3,3;
2023/06/09 3:07:36 PM GMT+5:30,56,Prefer not to say,Few times a month,Beauty and Personal Care,Few times a month,categories,4,3;;;;
2023/06/09 3:08:38 PM GMT+5:30,22,Prefer not to say,Few times a month,Clothing and Fashion,Few times a week,Keyword,4,3;;;;
2023/06/09 3:09:41 PM GMT+5:30,25,Prefer not to say,Few times a month,Clothing and Fashion,Few times a month,categories,3,3;;;;
2023/06/09 3:10:36 PM GMT+5:30,23,Male,Few times a month,Beauty and Personal Care,Few times a month,categories,3,3;;;;
2023/06/09 3:16:30 PM GMT+5:30,23,Prefer not to say,Once a week,Clothing and Fashion,Few times a month,categories,3,3;;;;
2023/06/09 3:17:31 PM GMT+5:30,56,Female,Few times a month,Clothing and Fashion,Few times a week,Filter,3,3;;;;
2023/06/09 3:18:25 PM GMT+5:30,56,Female,Multiple times a week,Beauty and Personal Care;Home and Kitchen,Few times a week,categories,3,3;;;
2023/06/09 3:19:53 PM GMT+5:30,23,Female,Few times a month,Beauty and Personal Care,Few times a month,categories,3,3;;;;
2023/06/09 3:22:15 PM GMT+5:30,56,Female,Once a week,Beauty and Personal Care;Clothing and Fashion;others,Few times a week,categories,4,3;;
2023/06/09 3:23:38 PM GMT+5:30,23,Female,Few times a month,Beauty and Personal Care,Multiple times a day,categories,3,3;;;;
2023/06/09 3:24:36 PM GMT+5:30,45,Female,Few times a month,Home and Kitchen,Few times a week,categories,3,3;;;;
2023/06/09 3:25:33 PM GMT+5:30,23,Female,Few times a month,Beauty and Personal Care,Few times a week,categories,3,4;;;;
2023/06/09 3:26:38 PM GMT+5:30,23,Female,Once a month,Beauty and Personal Care,Few times a month,categories,3,3;;;;
2023/06/09 4:28:30 PM GMT+5:30,34,Prefer not to say,Few times a month,Clothing and Fashion,Few times a month,categories,2,1;;;;
2023/06/09 4:28:58 PM GMT+5:30,34,Female,Few times a month,Clothing and Fashion,Few times a week,categories,2,2;;;;
2023/06/09 4:29:23 PM GMT+5:30,45,Others,Few times a month,Beauty and Personal Care,Few times a month,Filter,2,3;;;;
2023/06/09 4:29:50 PM GMT+5:30,33,Prefer not to say,Once a week,Beauty and Personal Care,Few times a month,categories,2,2;;;;
2023/06/09 4:30:15 PM GMT+5:30,34,Female,Once a week,Beauty and Personal Care,Few times a week,Filter,2,2;;;;
2023/06/09 4:30:40 PM GMT+5:30,45,Prefer not to say,Once a week,Beauty and Personal Care,Few times a month,categories,4,3;;;;
2023/06/09 4:31:06 PM GMT+5:30,45,Male,Few times a month,Beauty and Personal Care,Few times a week,others,3,3;;;;
2023/06/09 4:31:33 PM GMT+5:30,34,Female,Once a week,Clothing and Fashion,Few times a week,categories,2,2;;;;
2023/06/09 4:32:00 PM GMT+5:30,67,Prefer not to say,Few times a month,Home and Kitchen,Few times a week,Filter,2,4;;;;
2023/06/09 4:32:28 PM GMT+5:30,34,Female,Once a week,Beauty and Personal Care,Few times a week,categories,3,3;;;;
2023/06/09 4:32:56 PM GMT+5:30,45,Others,Less than once a month,Beauty and Personal Care,Few times a week,Filter,3,2;;;;
2023/06/09 4:33:19 PM GMT+5:30,23,Female,Once a month,Clothing and Fashion,Few times a week,Filter,3,3;;;;
2023/06/09 7:22:11 PM GMT+5:30,21,Prefer not to say,Less than once a month,Clothing and Fashion,Few times a month,categories,3,3;;;;
2023/06/09 7:23:09 PM GMT+5:30,23,Female,Few times a month,Beauty and Personal Care,Few times a week,categories,3,4;;;;
2023/06/09 7:24:06 PM GMT+5:30,23,Prefer not to say,Multiple times a week,Beauty and Personal Care;Clothing and Fashion,Few times a week,categories,3,3;;;
2023/06/09 7:24:57 PM GMT+5:30,42,Female,Once a week,Clothing and Fashion,Few times a week,categories,3,3;;;;
2023/06/09 7:26:02 PM GMT+5:30,23,Prefer not to say,Once a week,Clothing and Fashion,Few times a month,Keyword,4,3;;;;
2023/06/09 7:27:00 PM GMT+5:30,23,Prefer not to say,Multiple times a week,Beauty and Personal Care,Few times a month,categories,3,3;;;;
2023/06/09 7:28:09 PM GMT+5:30,25,Prefer not to say,Few times a month,Beauty and Personal Care,Few times a month,Filter,3,3;;;;
2023/06/10 10:49:42 AM GMT+5:30,40,Male,Multiple times a week,Beauty and Personal Care;Clothing and Fashion;Home and Kitchen,Few times a week,Keyword,2,2;;
2023/06/10 2:40:34 PM GMT+5:30,23,Female,Few times a month,Beauty and Personal Care,Few times a week,Filter,3,3;;;;
2023/06/10 2:41:51 PM GMT+5:30,23,Female,Multiple times a week,Clothing and Fashion,Few times a month,categories,3,3;;;;
2023/06/10 11:21:59 PM GMT+5:30,27,Male,Less than once a month,Clothing and Fashion,Rarely,categories,3,2;;;;
2023/06/11 9:31:41 AM GMT+5:30,39,Male,Once a month,Home and Kitchen,Few times a week,Keyword,1,2;;;;
2023/06/11 9:53:31 AM GMT+5:30,32,Female,Once a month,Clothing and Fashion;Home and Kitchen;others,Few times a week,others,5,1;;
2023/06/11 2:07:39 PM GMT+5:30,36,Female,Less than once a month,Home and Kitchen,Rarely,Keyword,2,1;;;;
2023/06/11 9:15:38 PM GMT+5:30,40,Female,Once a month,Clothing and Fashion,Rarely,categories,5,5;;;;
2023/06/11 10:42:48 PM GMT+5:30,23,Male,Once a month,Clothing and Fashion,Rarely,Filter,3,3;;;;
2023/06/11 10:43:19 PM GMT+5:30,45,Female,Once a week,Beauty and Personal Care,Few times a month,categories,3,1;;;;
2023/06/11 10:44:01 PM GMT+5:30,45,Prefer not to say,Few times a month,Clothing and Fashion,Multiple times a day,Keyword,1,1;;;;
2023/06/11 10:44:46 PM GMT+5:30,45,Prefer not to say,Few times a month,Beauty and Personal Care,Few times a month,Filter,2,2;;;;
2023/06/11 10:45:34 PM GMT+5:30,45,Prefer not to say,Few times a month,Groceries and Gourmet Food;Clothing and Fashion,Multiple times a day,Keyword,1,3;;;
2023/06/11 10:47:42 PM GMT+5:30,45,Female,Few times a month,Clothing and Fashion,Multiple times a day,categories,4,4;;;;
2023/06/11 10:48:27 PM GMT+5:30,32,Male,Once a month,Clothing and Fashion;Home and Kitchen,Rarely,others,2,3;;;
2023/06/11 10:49:05 PM GMT+5:30,34,Prefer not to say,Once a month,Home and Kitchen,Few times a month,Filter,3,3;;;;
2023/06/11 10:49:49 PM GMT+5:30,54,Male,Few times a month,Groceries and Gourmet Food;Clothing and Fashion;Home and Kitchen,Few times a month,categories,3,2;;
2023/06/11 10:50:44 PM GMT+5:30,25,Male,Once a week,Beauty and Personal Care;Clothing and Fashion;Home and Kitchen;others,Few times a month,Keyword,3,2;
2023/06/11 10:51:27 PM GMT+5:30,26,Others,Once a month,Clothing and Fashion;Home and Kitchen;others,Multiple times a day,Filter,3,2;;
2023/06/11 10:52:06 PM GMT+5:30,36,Female,Few times a month,Beauty and Personal Care;Clothing and Fashion;Home and Kitchen,Few times a week,categories,3,2;;
2023/06/11 10:52:47 PM GMT+5:30,22,Male,Once a month,Clothing and Fashion;Home and Kitchen,Few times a month,Keyword,2,2;;;
2023/06/11 10:53:44 PM GMT+5:30,34,Female,Few times a month,Clothing and Fashion,Few times a week,Filter,2,2;;;;
2023/06/11 10:54:33 PM GMT+5:30,35,Female,Few times a month,Beauty and Personal Care;Clothing and Fashion;Home and Kitchen,Few times a month,categories,2,2;;
2023/06/11 10:55:58 PM GMT+5:30,34,Prefer not to say,Few times a month,Groceries and Gourmet Food;Beauty and Personal Care;Clothing and Fashion;Home and Kitchen;others,Few times a week,categories,2,5
2023/06/11 10:56:58 PM GMT+5:30,21,Others,Multiple times a week,Groceries and Gourmet Food;Beauty and Personal Care;Clothing and Fashion;Home and Kitchen,Few times a month,categories,5,5;
2023/06/11 10:57:34 PM GMT+5:30,24,Female,Few times a month,Beauty and Personal Care;Clothing and Fashion;Home and Kitchen,Rarely,others,5,5;;
2023/06/11 10:58:09 PM GMT+5:30,26,Prefer not to say,Less than once a month,Home and Kitchen;others,Rarely,others,5,5;;;
2023/06/11 10:58:52 PM GMT+5:30,36,Male,Once a month,Beauty and Personal Care;Clothing and Fashion;Home and Kitchen,Rarely,others,4,5;;
2023/06/11 10:59:30 PM GMT+5:30,36,Female,Once a month,Groceries and Gourmet Food,Few times a month,categories,3,3;;;;
2023/06/11 11:00:11 PM GMT+5:30,28,Female,Once a week,Groceries and Gourmet Food;Beauty and Personal Care;Clothing and Fashion;Home and Kitchen;others,Multiple times a day,others,3,3
2023/06/11 11:01:04 PM GMT+5:30,40,Female,Few times a month,Groceries and Gourmet Food;Beauty and Personal Care,Few times a month,categories,3,2;;;
2023/06/11 11:02:11 PM GMT+5:30,50,Female,Few times a month,Beauty and Personal Care;Clothing and Fashion;Home and Kitchen,Few times a week,Keyword,3,4;;
2023/06/11 11:02:55 PM GMT+5:30,27,Male,Once a month,Beauty and Personal Care;Clothing and Fashion;Home and Kitchen,Few times a month,Filter,2,2;;
2023/06/11 11:03:34 PM GMT+5:30,27,Female,Few times a month,Beauty and Personal Care;Clothing and Fashion,Few times a month,Filter,3,3;;;
2023/06/11 11:04:17 PM GMT+5:30,45,Male,Few times a month,Clothing and Fashion;Home and Kitchen;others,Few times a month,Keyword,2,2;;
2023/06/11 11:04:55 PM GMT+5:30,46,Female,Few times a month,Clothing and Fashion;Home and Kitchen;others,Few times a month,categories,2,2;;
2023/06/11 11:05:38 PM GMT+5:30,60,Prefer not to say,Less than once a month,Home and Kitchen;others,Few times a month,categories,4,3;;;
2023/06/11 11:06:16 PM GMT+5:30,32,Female,Few times a month,Beauty and Personal Care;Clothing and Fashion;Home and Kitchen;others,Few times a week,Filter,2,2;
2023/06/11 11:06:52 PM GMT+5:30,45,Female,Few times a month,Groceries and Gourmet Food;Beauty and Personal Care;Clothing and Fashion;Home and Kitchen,Few times a week,Filter,3,2;
2023/06/11 11:07:31 PM GMT+5:30,25,Female,Multiple times a week,Beauty and Personal Care;Clothing and Fashion;Home and Kitchen,Few times a week,Keyword,2,2;;
2023/06/11 11:08:35 PM GMT+5:30,37,Female,Few times a month,Groceries and Gourmet Food;Beauty and Personal Care;Clothing and Fashion;Home and Kitchen;others,Few times a week,categories,3,2
2023/06/11 11:09:33 PM GMT+5:30,37,Female,Few times a month,Beauty and Personal Care;Clothing and Fashion,Rarely,Keyword,1,2;;;
2023/06/11 11:10:14 PM GMT+5:30,32,Male,Few times a month,Beauty and Personal Care;Clothing and Fashion;Home and Kitchen,Few times a week,Filter,2,2;;
2023/06/11 11:10:59 PM GMT+5:30,56,Male,Few times a month,Beauty and Personal Care;Clothing and Fashion;Home and Kitchen,Few times a week,Keyword,2,2;;
2023/06/11 11:15:03 PM GMT+5:30,34,Female,Few times a month,Beauty and Personal Care;Clothing and Fashion;Home and Kitchen,Few times a week,categories,3,3;;
2023/06/11 11:15:37 PM GMT+5:30,21,Male,Once a month,Groceries and Gourmet Food;Beauty and Personal Care;Clothing and Fashion;Home and Kitchen,Few times a week,categories,2,1;
2023/06/11 11:16:18 PM GMT+5:30,46,Male,Few times a month,Groceries and Gourmet Food;Beauty and Personal Care;Clothing and Fashion,Few times a week,Keyword,2,2;;
2023/06/11 11:16:58 PM GMT+5:30,21,Male,Multiple times a week,Beauty and Personal Care;Clothing and Fashion;Home and Kitchen,Rarely,Keyword,1,2;;
2023/06/11 11:17:41 PM GMT+5:30,31,Female,Few times a month,Groceries and Gourmet Food;Beauty and Personal Care;Clothing and Fashion,Few times a week,categories,5,3;;
2023/06/11 11:18:35 PM GMT+5:30,36,Female,Multiple times a week,Groceries and Gourmet Food;Beauty and Personal Care;Clothing and Fashion;Home and Kitchen;others,Multiple times a day,categories,2,2
2023/06/11 11:19:12 PM GMT+5:30,35,Female,Few times a month,Beauty and Personal Care;Home and Kitchen,Few times a month,categories,3,2;;;
2023/06/11 11:19:45 PM GMT+5:30,25,Male,Few times a month,Beauty and Personal Care;Clothing and Fashion;Home and Kitchen,Few times a month,categories,2,4;;
2023/06/11 11:20:18 PM GMT+5:30,45,Female,Few times a month,Clothing and Fashion,Rarely,categories,3,2;;;;
2023/06/11 11:20:57 PM GMT+5:30,36,Female,Few times a month,Beauty and Personal Care;Clothing and Fashion,Few times a week,Filter,1,2;;;
2023/06/11 11:21:30 PM GMT+5:30,36,Female,Once a week,Groceries and Gourmet Food;Beauty and Personal Care;Clothing and Fashion,Few times a month,categories,1,1;;
2023/06/11 11:22:19 PM GMT+5:30,43,Male,Once a month,Beauty and Personal Care,Multiple times a day,Filter,1,2;;;;
2023/06/11 11:22:55 PM GMT+5:30,34,Female,Multiple times a week,Groceries and Gourmet Food;Beauty and Personal Care;Clothing and Fashion,Few times a week,categories,1,1;;
2023/06/11 11:24:21 PM GMT+5:30,43,Male,Few times a month,Groceries and Gourmet Food;Beauty and Personal Care;Clothing and Fashion;Home and Kitchen,Few times a week,Filter,2,2;
2023/06/11 11:25:09 PM GMT+5:30,25,Female,Few times a month,Clothing and Fashion;others,Few times a week,Keyword,2,2;;;
2023/06/11 11:25:48 PM GMT+5:30,43,Female,Multiple times a week,Beauty and Personal Care;Clothing and Fashion;Home and Kitchen,Few times a week,Filter,3,2;;
2023/06/11 11:26:21 PM GMT+5:30,56,Female,Multiple times a week,Groceries and Gourmet Food;Beauty and Personal Care;Clothing and Fashion,Few times a week,Filter,3,3;;
2023/06/11 11:26:54 PM GMT+5:30,32,Female,Few times a month,Groceries and Gourmet Food;Beauty and Personal Care,Few times a month,categories,3,3;;;
2023/06/11 11:27:25 PM GMT+5:30,21,Male,Once a week,Clothing and Fashion,Few times a week,categories,4,3;;;;
2023/06/11 11:27:55 PM GMT+5:30,34,Male,Less than once a month,Clothing and Fashion,Few times a week,categories,2,3;;;;
2023/06/11 11:28:26 PM GMT+5:30,34,Female,Once a week,Groceries and Gourmet Food;Clothing and Fashion,Multiple times a day,Keyword,2,3;;;
2023/06/12 9:40:22 AM GMT+5:30,34,Female,Once a week,Clothing and Fashion,Few times a week,Keyword,4,4;;;;
2023/06/12 2:41:06 PM GMT+5:30,45,Prefer not to say,Once a month,Clothing and Fashion,Few times a week,Keyword,3,3;;;;
2023/06/12 2:41:58 PM GMT+5:30,45,Female,Once a week,Beauty and Personal Care,Few times a week,categories,3,2;;;;
2023/06/12 2:43:30 PM GMT+5:30,45,Prefer not to say,Less than once a month,Home and Kitchen,Few times a month,categories,4,4;;;;
2023/06/12 2:44:47 PM GMT+5:30,45,Female,Few times a month,Groceries and Gourmet Food,Multiple times a day,categories,3,3;;;;
2023/06/12 2:48:55 PM GMT+5:30,45,Female,Few times a month,Beauty and Personal Care,Few times a month,others,3,3;;;;
2023/06/12 2:49:47 PM GMT+5:30,45,Prefer not to say,Once a week,Clothing and Fashion,Multiple times a day,categories,4,3;;;;
2023/06/12 2:51:24 PM GMT+5:30,25,Female,Once a month,Beauty and Personal Care,Few times a month,Keyword,3,3;;;;
2023/06/12 2:54:13 PM GMT+5:30,45,Prefer not to say,Few times a month,Beauty and Personal Care,Few times a month,categories,3,3;;;;
2023/06/12 3:27:59 PM GMT+5:30,60,Male,Once a week,Beauty and Personal Care,Few times a month,Filter,3,3;;;;
2023/06/12 3:29:20 PM GMT+5:30,26,Male,Few times a month,Groceries and Gourmet Food,Few times a week,categories,3,3;;;;
2023/06/12 3:33:53 PM GMT+5:30,25,Prefer not to say,Few times a month,Beauty and Personal Care,Few times a week,Filter,3,3;;;;
2023/06/12 3:35:24 PM GMT+5:30,45,Female,Multiple times a week,Beauty and Personal Care,Few times a week,categories,4,3;;;;
2023/06/12 3:37:14 PM GMT+5:30,12,Female,Multiple times a week,Beauty and Personal Care,Few times a week,categories,3,4;;;;
2023/06/12 3:38:48 PM GMT+5:30,56,Prefer not to say,Few times a month,Beauty and Personal Care,Multiple times a day,categories,3,3;;;;
2023/06/12 3:40:25 PM GMT+5:30,45,Female,Multiple times a week,Beauty and Personal Care,Few times a week,Filter,3,3;;;;
2023/06/12 3:42:05 PM GMT+5:30,41,Female,Once a week,Beauty and Personal Care,Few times a week,categories,4,3;;;;
2023/06/12 3:44:16 PM GMT+5:30,23,Female,Once a week,Beauty and Personal Care,Few times a week,Keyword,3,3;;;;
2023/06/12 3:45:27 PM GMT+5:30,23,Female,Multiple times a week,Beauty and Personal Care,Few times a week,Keyword,4,3;;;;
2023/06/12 3:47:01 PM GMT+5:30,45,Female,Multiple times a week,Beauty and Personal Care,Few times a week,categories,3,3;;;;
2023/06/12 3:48:11 PM GMT+5:30,25,Female,Few times a month,Beauty and Personal Care,Few times a week,categories,4,4;;;;
2023/06/12 3:49:27 PM GMT+5:30,25,Male,Multiple times a week,Beauty and Personal Care,Few times a week,categories,3,3;;;;
2023/06/12 3:51:31 PM GMT+5:30,23,Female,Few times a month,Clothing and Fashion,Few times a week,Keyword,3,3;;;;
2023/06/12 3:52:33 PM GMT+5:30,23,Female,Few times a month,Clothing and Fashion,Few times a week,categories,3,3;;;;
2023/06/12 3:53:28 PM GMT+5:30,23,Female,Once a month,Clothing and Fashion,Few times a month,Filter,3,3;;;;
2023/06/12 3:54:44 PM GMT+5:30,23,Female,Once a week,Beauty and Personal Care,Few times a week,Filter,3,3;;;;
2023/06/12 3:55:53 PM GMT+5:30,23,Prefer not to say,Multiple times a week,Beauty and Personal Care;Home and Kitchen,Few times a month,Keyword,3,3;;;
2023/06/12 3:56:57 PM GMT+5:30,23,Female,Multiple times a week,Beauty and Personal Care,Few times a month,categories,3,3;;;;
2023/06/12 3:57:52 PM GMT+5:30,23,Female,Once a week,Groceries and Gourmet Food,Few times a week,categories,4,3;;;;
2023/06/12 3:59:10 PM GMT+5:30,23,Female,Once a month,Beauty and Personal Care,Few times a week,categories,4,3;;;;
2023/06/12 3:59:59 PM GMT+5:30,23,Female,Few times a month,Beauty and Personal Care,Few times a week,Keyword,3,3;;;;
2023/06/12 4:00:56 PM GMT+5:30,25,Female,Once a week,Beauty and Personal Care,Multiple times a day,categories,3,3;;;;
2023/06/12 4:02:02 PM GMT+5:30,23,Female,Once a week,Beauty and Personal Care,Few times a week,categories,3,3;;;;
2023/06/12 4:02:53 PM GMT+5:30,23,Female,Once a week,Clothing and Fashion,Few times a week,Filter,3,3;;;;
2023/06/12 4:03:59 PM GMT+5:30,23,Female,Once a month,Beauty and Personal Care,Few times a week,categories,3,2;;;;
2023/06/12 9:57:20 PM GMT+5:30,23,Female,Few times a month,Beauty and Personal Care;Clothing and Fashion;others,Few times a month,Keyword,2,2;;
2023/06/16 9:16:05 AM GMT+5:30,23,Female,Once a week,Clothing and Fashion,Multiple times a day,Keyword,3,3;;;;
